{
  "IcoMoonType": "selection",
  "icons": [
    {
      "icon": {
        "paths": [
          "M512-1.088c-282.912 0-513.12 230.144-513.12 513.088s230.208 513.088 513.12 513.088 513.12-230.144 513.12-513.088-230.208-513.088-513.12-513.088zM512 990.912c-264.064 0-478.88-214.848-478.88-478.912s214.816-478.912 478.88-478.912 478.88 214.848 478.88 478.912-214.816 478.912-478.88 478.912zM624 224h-85.376c-108.736-1.088-122.624 66.208-122.624 139.040v52.96h-48c-9.44-1.088-17.12 6.56-16 16v96c-1.12 9.44 6.56 17.088 16 16h48v240c-0.992 9.44 6.656 17.088 16.096 16h97.76c9.44 1.088 17.088-6.56 14.080-16l0.064-240h80c9.44 1.088 17.12-6.56 16-16v-96c1.12-9.44-6.56-17.088-16-16h-80.096l0.096-48c3.104-20.448 3.104-17.12 22.080-16h57.248c4.448-0.992 9.184-0.448 12.512-3.68s5.248-7.648 4.128-12.32v-96c1.152-9.44-6.528-17.088-15.968-16zM606.88 318.208l-40.128-1.536c-49.696 0-53.856 26.976-53.856 54.592l-0.128 60.672c0 4.544 1.792 8.896 4.992 12.128 3.2 3.2 7.552 4.992 12.096 4.992h78.144v61.824h-78.080c-9.44 0-17.088 7.648-17.12 17.088l-0.032 240.032h-64.768v-240c0-9.44-6.432-17.088-15.904-17.088h-48.096v-61.824h48.096c4.544 0 8.896-1.792 12.096-4.992 3.2-3.232 3.776-7.584 3.776-12.128v-68.96c0-71.744 14.496-105.92 90.624-105.92h68.256v61.12z"
        ],
        "attrs": [
          {}
        ],
        "isMulticolor": false,
        "isMulticolor2": false,
        "tags": [
          "facebook",
          "social"
        ],
        "grid": 32
      },
      "attrs": [
        {}
      ],
      "properties": {
        "order": 1,
        "id": 0,
        "prevSize": 32,
        "name": "facebook"
      },
      "setIdx": 0,
      "setId": 2,
      "iconIdx": 0
    },
    {
      "icon": {
        "paths": [
          "M608 192h160v-192h-160c-123.514 0-224 100.486-224 224v96h-128v192h128v512h192v-512h160l32-192h-192v-96c0-17.346 14.654-32 32-32z"
        ],
        "tags": [
          "facebook",
          "brand",
          "social"
        ],
        "defaultCode": 60048,
        "grid": 16,
        "attrs": []
      },
      "attrs": [],
      "properties": {
        "ligatures": "facebook, brand10",
        "name": "facebook1",
        "order": 4,
        "id": 401,
        "prevSize": 32
      },
      "setIdx": 1,
      "setId": 1,
      "iconIdx": 400
    }
  ],
  "height": 1024,
  "preferences": {
    "showGlyphs": true,
    "showQuickUse": true,
    "showQuickUse2": true,
    "showSVGs": true,
    "fontPref": {
      "prefix": "icon-",
      "metadata": {
        "fontFamily": "icomoon"
      },
      "metrics": {
        "emSize": 1024,
        "baseline": 6.25,
        "whitespace": 50
      },
      "embed": false
    },
    "imagePref": {
      "prefix": "icon-",
      "png": true,
      "useClassSelector": true,
      "color": 0,
      "bgColor": 16777215,
      "classSelector": ".icon",
      "name": "icomoon"
    },
    "historySize": 50,
    "showCodes": true,
    "gridSize": 16
  }
}